work_year,experience_level,employment_type,job_title,salary_in_usd,employee_residence,remote_ratio,company_location,company_size
2020,Mid Level,Full time,Data Scientist,79833,DE,On-site,DE,Large
2020,Senior Level,Full time,Machine Learning Scientist,260000,JP,On-site,JP,Small
2020,Senior Level,Full time,Big Data Engineer,109024,GB,Hybrid,GB,Medium
2020,Mid Level,Full time,other,20000,other,On-site,other,Small
2020,Senior Level,Full time,Machine Learning Engineer,150000,US,Hybrid,US,Large
2020,Entry Level,Full time,Data Analyst,72000,US,Remote,US,Large
2020,Senior Level,Full time,other,190000,US,Remote,US,Small
2020,Mid Level,Full time,Data Scientist,35735,other,Hybrid,other,Large
2020,Mid Level,Full time,other,135000,US,Remote,US,Large
2020,Senior Level,Full time,other,125000,other,Hybrid,other,Small
2020,Entry Level,Full time,Data Scientist,51321,FR,On-site,FR,Small
2020,Mid Level,Full time,Data Scientist,40481,IN,On-site,IN,Large
2020,Entry Level,Full time,Data Scientist,39916,FR,On-site,FR,Medium
2020,Mid Level,Full time,other,87000,US,Remote,US,Large
2020,Mid Level,Full time,Data Analyst,85000,US,Remote,US,Large
2020,Mid Level,Full time,Data Analyst,8000,PK,Hybrid,other,Large
2020,Entry Level,Full time,Data Engineer,41689,JP,Remote,JP,Small
2020,Senior Level,Full time,Big Data Engineer,114047,other,Remote,GB,Small
2020,Entry Level,Full time,other,5707,IN,Hybrid,IN,Medium
2020,Mid Level,Full time,other,56000,PT,Remote,US,Medium
2020,Mid Level,Full time,Machine Learning Engineer,43331,other,On-site,other,Medium
2020,Mid Level,Full time,other,6072,IN,Remote,IN,Large
2020,Senior Level,Full time,Data Engineer,47899,GR,Hybrid,GR,Large
2020,Mid Level,Full time,other,98000,US,On-site,US,Medium
2020,Mid Level,Full time,other,115000,other,On-site,other,Large
2020,Executive Level,Full time,other,325000,US,Remote,US,Large
2020,Entry Level,Full time,Research Scientist,42000,other,Hybrid,other,Large
2020,Senior Level,Full time,Data Engineer,33511,other,On-site,other,Small
2020,Entry Level,Contract,other,100000,US,Remote,US,Large
2020,Senior Level,Full time,other,117104,CA,Hybrid,CA,Large
2020,Mid Level,Full time,other,59303,DE,Remote,DE,Small
2020,Entry Level,Full time,Big Data Engineer,70000,US,Remote,US,Large
2020,Senior Level,Full time,Data Scientist,68428,GR,Remote,US,Large
2020,Mid Level,Full time,Research Scientist,450000,US,On-site,US,Medium
2020,Mid Level,Full time,Data Analyst,46759,FR,Hybrid,FR,Large
2020,Mid Level,Full time,Data Engineer,74130,other,Hybrid,other,Large
2020,Mid Level,Full time,other,103000,US,Remote,US,Large
2020,Entry Level,Full time,Machine Learning Engineer,250000,US,Hybrid,US,Large
2020,Entry Level,Full time,Data Analyst,10000,other,Remote,other,Small
2020,Entry Level,Full time,Machine Learning Engineer,138000,US,Remote,US,Small
2020,Mid Level,Full time,Data Scientist,45760,other,Remote,US,Small
2020,Executive Level,Full time,other,79833,ES,Hybrid,ES,Large
2020,Mid Level,Full time,other,50180,PT,On-site,other,Medium
2020,Mid Level,Full time,Data Engineer,106000,US,Remote,US,Large
2020,Mid Level,Full time,Data Engineer,112872,GB,Hybrid,GB,Large
2020,Entry Level,Part time,other,15966,DE,Remote,DE,Small
2020,Mid Level,Full time,Data Scientist,76958,GB,Remote,GB,Small
2020,Senior Level,Full time,Data Engineer,188000,US,Remote,US,Large
2020,Mid Level,Full time,Data Scientist,105000,US,Remote,US,Large
2020,Mid Level,Full time,Data Engineer,70139,FR,Hybrid,FR,Large
2020,Entry Level,Full time,Data Analyst,6072,IN,On-site,IN,Small
2020,Entry Level,Full time,Data Analyst,91000,US,Remote,US,Large
2020,Entry Level,Full time,other,45896,other,Hybrid,other,Small
2020,Entry Level,Full time,Data Engineer,54742,PK,Remote,DE,Large
2020,Senior Level,Freelance,other,60000,other,Remote,US,Small
2020,Senior Level,Full time,other,148261,DE,Remote,DE,Medium
2020,Mid Level,Full time,Data Scientist,38776,ES,Remote,ES,Medium
2020,Mid Level,Full time,Data Scientist,118000,US,Remote,US,Medium
2020,Senior Level,Full time,Data Scientist,120000,US,Hybrid,US,Large
2020,Mid Level,Full time,Data Scientist,138350,US,Remote,US,Medium
2020,Mid Level,Full time,Data Engineer,110000,US,Remote,US,Large
2020,Mid Level,Full time,Data Engineer,130800,ES,Remote,US,Medium
2020,Entry Level,Part time,Data Scientist,21669,other,Hybrid,other,Small
2020,Senior Level,Full time,Data Scientist,412000,US,Remote,US,Large
2020,Senior Level,Full time,Machine Learning Engineer,45618,other,Remote,other,Small
2020,Entry Level,Full time,Data Scientist,62726,DE,Hybrid,DE,Small
2020,Entry Level,Full time,Data Scientist,49268,DE,On-site,DE,Small
2020,Senior Level,Full time,Data Science Manager,190200,US,Remote,US,Medium
2020,Entry Level,Full time,Data Scientist,105000,US,Remote,US,Small
2020,Senior Level,Full time,Data Scientist,91237,other,On-site,other,Small
2020,Mid Level,Full time,Data Scientist,62726,FR,Hybrid,other,Small
2020,Mid Level,Full time,Data Scientist,42197,FR,Hybrid,FR,Small
2021,Entry Level,Full time,Research Scientist,82528,GB,Hybrid,GB,Large
2021,Executive Level,Full time,other,150000,IN,Remote,US,Large
2021,Executive Level,Full time,other,235000,US,Remote,US,Large
2021,Senior Level,Full time,Data Scientist,53192,FR,Hybrid,FR,Large
2021,Mid Level,Full time,other,100000,US,Remote,US,Medium
2021,Mid Level,Part time,other,5409,IN,Hybrid,IN,Medium
2021,Mid Level,Contract,other,270000,US,Remote,US,Large
2021,Entry Level,Full time,Data Analyst,80000,US,Remote,US,Medium
2021,Senior Level,Full time,other,79197,DE,Remote,DE,Large
2021,Mid Level,Full time,Data Engineer,140000,US,Remote,US,Large
2021,Mid Level,Full time,other,54238,GB,Hybrid,CA,Large
2021,Mid Level,Full time,Machine Learning Engineer,47282,ES,Remote,ES,Small
2021,Executive Level,Full time,other,153667,other,Remote,other,Large
2021,Mid Level,Full time,Data Engineer,28476,other,Remote,other,Large
2021,Entry Level,Full time,Data Analyst,59102,FR,Hybrid,FR,Medium
2021,Mid Level,Full time,other,110000,US,Remote,US,Large
2021,Senior Level,Full time,other,170000,US,Remote,US,Large
2021,Senior Level,Full time,Data Analyst,80000,other,Remote,US,Small
2021,Senior Level,Full time,other,88654,GR,Remote,other,Large
2021,Entry Level,Full time,other,76833,DE,Remote,DE,Small
2021,Mid Level,Full time,other,19609,IN,Remote,IN,Large
2021,Senior Level,Full time,other,276000,US,On-site,US,Large
2021,Entry Level,Full time,Data Scientist,29751,IN,Hybrid,IN,Large
2021,Mid Level,Full time,other,89294,other,Hybrid,other,Large
2021,Entry Level,Part time,other,12000,BR,Remote,US,Small
2021,Mid Level,Full time,other,450000,US,Remote,US,Large
2021,Entry Level,Full time,other,70000,US,Remote,US,Medium
2021,Mid Level,Full time,other,95746,DE,Remote,US,Small
2021,Mid Level,Full time,Data Analyst,75000,US,On-site,US,Large
2021,Senior Level,Full time,Data Engineer,150000,US,Remote,US,Large
2021,Mid Level,Full time,other,36259,other,Hybrid,US,Large
2021,Mid Level,Full time,Data Analyst,62000,US,On-site,US,Large
2021,Mid Level,Full time,Data Scientist,73000,US,On-site,US,Large
2021,Mid Level,Full time,Data Analyst,51519,GB,Hybrid,GB,Large
2021,Mid Level,Full time,Research Scientist,187442,CA,Remote,CA,Large
2021,Senior Level,Full time,Data Engineer,115000,US,Remote,US,Small
2021,Senior Level,Full time,Data Engineer,150000,US,Remote,US,Medium
2021,Entry Level,Full time,Data Engineer,30428,IN,Remote,IN,Large
2021,Senior Level,Full time,Machine Learning Engineer,94564,DE,Hybrid,DE,Large
2021,Senior Level,Full time,other,113476,GB,Remote,GB,Medium
2021,Senior Level,Full time,other,103160,GB,Remote,GB,Small
2021,Entry Level,Part time,other,12000,PK,Remote,US,Medium
2021,Mid Level,Full time,Data Engineer,45391,other,Remote,other,Large
2021,Entry Level,Full time,Machine Learning Scientist,225000,US,Remote,US,Large
2021,Mid Level,Full time,Data Scientist,50000,other,Remote,other,Large
2021,Mid Level,Full time,other,40189,GR,Remote,GR,Medium
2021,Entry Level,Full time,Data Analyst,90000,US,Remote,US,Small
2021,Mid Level,Full time,Data Engineer,200000,US,Remote,US,Large
2021,Mid Level,Full time,Big Data Engineer,60000,ES,Hybrid,other,Medium
2021,Senior Level,Full time,other,200000,US,Remote,US,Medium
2021,Entry Level,Full time,Data Analyst,50000,US,Remote,US,Medium
2021,Entry Level,Full time,other,110037,GB,On-site,GB,Large
2021,Entry Level,Part time,Data Analyst,10354,ES,Hybrid,ES,Medium
2021,Mid Level,Full time,other,151000,US,Remote,US,Large
2021,Senior Level,Full time,Machine Learning Scientist,120000,US,Hybrid,US,Small
2021,Mid Level,Full time,Data Scientist,9466,IN,On-site,IN,Small
2021,Entry Level,Full time,Machine Learning Engineer,20000,IN,Remote,IN,Small
2021,Senior Level,Full time,other,40570,IN,Hybrid,IN,Large
2021,Entry Level,Full time,other,100000,other,Hybrid,other,Small
2021,Entry Level,Full time,Data Scientist,49646,FR,Hybrid,FR,Medium
2021,Mid Level,Full time,other,38400,other,Remote,US,Medium
2021,Senior Level,Full time,other,24000,BR,Remote,other,Medium
2021,Entry Level,Full time,Data Scientist,100000,US,On-site,US,Small
2021,Mid Level,Full time,Data Analyst,90000,US,Remote,US,Medium
2021,Mid Level,Full time,other,63711,JP,Hybrid,JP,Small
2021,Mid Level,Full time,other,77364,JP,Hybrid,JP,Small
2021,Senior Level,Full time,other,220000,US,On-site,US,Large
2021,Entry Level,Full time,Data Scientist,80000,US,Remote,US,Medium
2021,Mid Level,Full time,Data Analyst,135000,US,Remote,US,Large
2021,Senior Level,Full time,Data Science Manager,240000,US,On-site,US,Large
2021,Senior Level,Full time,other,150000,US,On-site,US,Large
2021,Mid Level,Full time,Data Scientist,82500,US,Remote,US,Small
2021,Mid Level,Full time,Data Engineer,100000,US,Remote,US,Large
2021,Senior Level,Full time,Machine Learning Engineer,82744,other,Hybrid,other,Medium
2021,Mid Level,Full time,Research Scientist,62649,FR,Hybrid,FR,Medium
2021,Mid Level,Full time,Data Engineer,90000,US,Remote,US,Large
2021,Senior Level,Full time,other,153000,US,Remote,US,Large
2021,Senior Level,Full time,other,160000,BR,Remote,US,Small
2021,Senior Level,Full time,other,168000,JP,On-site,JP,Small
2021,Mid Level,Full time,Data Scientist,150000,US,Remote,US,Medium
2021,Mid Level,Full time,Data Scientist,75774,CA,Remote,CA,Large
2021,Entry Level,Full time,Data Scientist,13400,other,Remote,other,Large
2021,Senior Level,Full time,Data Science Manager,144000,US,Remote,US,Large
2021,Senior Level,Full time,other,127221,CA,Hybrid,CA,Large
2021,Mid Level,Full time,Data Scientist,119059,other,Remote,other,Medium
2021,Mid Level,Full time,other,423000,US,Hybrid,US,Large
2021,Senior Level,Full time,other,120000,US,Remote,US,Medium
2021,Entry Level,Full time,Machine Learning Engineer,125000,US,Remote,US,Small
2021,Executive Level,Full time,other,230000,other,Hybrid,other,Large
2021,Executive Level,Full time,other,85000,other,On-site,other,Medium
2021,Mid Level,Full time,Data Engineer,28369,other,Hybrid,other,Large
2021,Entry Level,Full time,other,63831,DE,Hybrid,DE,Large
2021,Executive Level,Full time,other,130026,DE,Hybrid,DE,Medium
2021,Senior Level,Full time,other,165000,US,Remote,US,Large
2021,Entry Level,Full time,Data Engineer,80000,US,Remote,US,Large
2021,Executive Level,Full time,other,250000,US,On-site,US,Large
2021,Entry Level,Full time,other,55000,US,Hybrid,US,Small
2021,Mid Level,Full time,Data Architect,150000,US,Remote,US,Large
2021,Mid Level,Full time,Data Architect,170000,US,Remote,US,Large
2021,Mid Level,Full time,Data Engineer,82528,GB,Remote,GB,Large
2021,Entry Level,Full time,Data Analyst,60000,US,Remote,US,Small
2021,Senior Level,Full time,other,235000,US,Remote,US,Large
2021,Senior Level,Full time,Research Scientist,60757,PT,Hybrid,other,Large
2021,Senior Level,Full time,other,174000,US,Remote,US,Large
2021,Mid Level,Full time,Data Scientist,2859,other,On-site,other,Small
2021,Mid Level,Full time,Data Scientist,40038,other,Remote,other,Large
2021,Entry Level,Full time,Machine Learning Engineer,81000,US,Hybrid,US,Small
2021,Mid Level,Full time,Data Scientist,5679,IN,Remote,US,Small
2021,Mid Level,Full time,Big Data Engineer,22611,IN,On-site,IN,Large
2021,Mid Level,Full time,Data Scientist,90734,DE,Hybrid,DE,Large
2021,Mid Level,Full time,Data Engineer,26005,other,On-site,US,Large
2021,Senior Level,Full time,other,61896,GB,Hybrid,GB,Large
2021,Mid Level,Freelance,Machine Learning Scientist,12000,PK,Hybrid,other,Medium
2021,Mid Level,Full time,Data Engineer,4000,other,Remote,other,Medium
2021,Senior Level,Full time,other,50000,other,Remote,GB,Medium
2021,Executive Level,Full time,other,69741,FR,Remote,ES,Small
2021,Senior Level,Full time,Data Engineer,76833,other,Hybrid,GB,Small
2021,Mid Level,Full time,Machine Learning Engineer,74000,JP,Hybrid,JP,Small
2021,Senior Level,Full time,Data Science Manager,152000,US,Remote,FR,Large
2021,Entry Level,Full time,Machine Learning Engineer,21844,other,Hybrid,other,Medium
2021,Mid Level,Full time,Big Data Engineer,18000,other,On-site,other,Small
2021,Senior Level,Full time,Data Science Manager,174000,US,Remote,US,Large
2021,Senior Level,Full time,Research Scientist,96113,CA,Hybrid,CA,Large
2021,Mid Level,Full time,Data Scientist,147000,US,Hybrid,US,Large
2021,Entry Level,Full time,other,9272,other,Remote,other,Small
2021,Senior Level,Full time,Machine Learning Engineer,24342,IN,Remote,IN,Large
2021,Senior Level,Full time,Data Science Manager,54094,IN,Hybrid,US,Large
2021,Entry Level,Full time,other,90000,US,Remote,US,Small
2021,Mid Level,Full time,Data Scientist,61467,DE,Hybrid,other,Medium
2021,Senior Level,Full time,other,195000,US,Remote,US,Medium
2021,Mid Level,Full time,Data Scientist,37825,ES,Remote,ES,Large
2021,Senior Level,Full time,Research Scientist,50000,FR,Remote,US,Small
2021,Mid Level,Full time,Data Scientist,160000,US,Remote,US,Large
2021,Mid Level,Full time,Data Scientist,12901,BR,On-site,other,Small
2021,Senior Level,Full time,Machine Learning Engineer,200000,US,Remote,US,Large
2021,Senior Level,Full time,Data Engineer,165000,US,On-site,US,Medium
2021,Mid Level,Freelance,Data Engineer,20000,other,On-site,US,Large
2021,Senior Level,Full time,other,120000,US,On-site,US,Large
2021,Mid Level,Full time,Machine Learning Engineer,24823,other,Hybrid,other,Large
2021,Mid Level,Full time,Research Scientist,56738,FR,Hybrid,FR,Small
2021,Mid Level,Full time,Data Engineer,66022,other,Hybrid,GB,Small
2021,Entry Level,Full time,Big Data Engineer,5882,IN,On-site,other,Large
2021,Entry Level,Full time,Machine Learning Engineer,24823,DE,Hybrid,DE,Medium
2021,Senior Level,Full time,other,185000,US,Remote,US,Large
2021,Entry Level,Part time,other,28609,other,Hybrid,other,Small
2021,Mid Level,Full time,Data Scientist,90734,DE,Hybrid,DE,Large
2021,Mid Level,Full time,Machine Learning Engineer,88654,other,Remote,other,Medium
2021,Senior Level,Full time,other,140000,US,Remote,US,Large
2021,Mid Level,Full time,Machine Learning Engineer,46597,other,Remote,other,Large
2021,Mid Level,Full time,Data Scientist,116914,GB,Hybrid,GB,Large
2021,Mid Level,Full time,Data Scientist,33808,IN,On-site,IN,Medium
2021,Mid Level,Full time,Data Scientist,56256,GB,Hybrid,GB,Large
2021,Senior Level,Full time,Machine Learning Scientist,225000,US,Remote,CA,Large
2021,Executive Level,Contract,other,416000,US,Remote,US,Small
2021,Senior Level,Full time,Data Scientist,87738,CA,Remote,CA,Small
2021,Mid Level,Full time,Data Scientist,88654,DE,Hybrid,DE,Large
2021,Senior Level,Full time,Data Scientist,135000,US,On-site,US,Large
2021,Senior Level,Full time,Data Analyst,71786,CA,Remote,CA,Medium
2021,Entry Level,Full time,Big Data Engineer,16228,IN,Remote,IN,Large
2021,Senior Level,Full time,other,256000,US,Remote,US,Small
2021,Senior Level,Full time,other,200000,US,Remote,US,Large
2021,Senior Level,Full time,Data Analyst,200000,US,Remote,US,Large
2021,Mid Level,Full time,Data Architect,180000,US,Remote,US,Large
2021,Mid Level,Full time,other,110000,US,On-site,US,Small
2021,Mid Level,Full time,Research Scientist,63810,CA,Remote,CA,Medium
2021,Mid Level,Full time,Data Scientist,46809,ES,Remote,ES,Medium
2021,Entry Level,Full time,Data Scientist,4000,other,On-site,other,Medium
2021,Entry Level,Full time,Data Engineer,21637,IN,Hybrid,IN,Medium
2021,Senior Level,Full time,Data Scientist,103691,CA,Remote,CA,Large
2021,Mid Level,Full time,Data Analyst,80000,US,Remote,US,Large
2021,Mid Level,Full time,Data Engineer,110000,US,Remote,US,Large
2021,Senior Level,Full time,Data Scientist,165000,US,Remote,US,Large
2021,Entry Level,Full time,other,18053,IN,Remote,other,Small
2021,Mid Level,Full time,Data Engineer,72212,GB,Hybrid,GB,Large
2021,Entry Level,Full time,Data Scientist,36643,FR,Hybrid,FR,Large
2021,Mid Level,Full time,Data Engineer,12103,other,On-site,other,Medium
2021,Senior Level,Full time,Data Engineer,96282,GB,Hybrid,GB,Large
2021,Senior Level,Full time,other,170000,US,Remote,US,Medium
2021,Mid Level,Full time,Data Scientist,115000,US,Hybrid,US,Large
2021,Entry Level,Full time,Data Scientist,90000,US,Remote,US,Small
2021,Executive Level,Full time,other,600000,US,Remote,US,Large
2021,Entry Level,Full time,Data Scientist,28399,IN,Remote,IN,Medium
2021,Mid Level,Full time,Data Analyst,93000,US,Remote,US,Large
2021,Senior Level,Full time,other,99703,CA,Hybrid,CA,Medium
2021,Mid Level,Full time,Data Engineer,200000,US,Remote,US,Large
2021,Senior Level,Full time,other,173762,DE,Remote,DE,Medium
2021,Senior Level,Full time,Machine Learning Engineer,185000,US,Hybrid,US,Large
2021,Executive Level,Full time,other,141846,DE,On-site,DE,Large
2021,Mid Level,Full time,Data Scientist,130000,US,Hybrid,US,Large
2021,Senior Level,Full time,Data Analyst,63831,DE,Hybrid,DE,Large
2021,Mid Level,Full time,Data Scientist,16904,IN,Remote,IN,Small
2021,Senior Level,Full time,Machine Learning Engineer,66265,IN,On-site,IN,Large
2021,Mid Level,Full time,Data Scientist,25532,other,Remote,DE,Small
2021,Senior Level,Full time,other,160000,other,Hybrid,US,Small
2021,Mid Level,Full time,Data Engineer,93150,US,On-site,US,Medium
2021,Mid Level,Full time,Data Engineer,111775,US,On-site,US,Medium
2021,Mid Level,Full time,Data Engineer,28016,other,Remote,other,Medium
2021,Entry Level,Full time,Data Engineer,65013,DE,Hybrid,DE,Medium
2021,Entry Level,Full time,Data Engineer,72500,US,Remote,US,Large
2021,Senior Level,Full time,other,18907,BR,On-site,other,Medium
2021,Entry Level,Full time,other,76833,DE,On-site,DE,Large
2021,Entry Level,Full time,Machine Learning Engineer,85000,other,Remote,DE,Small
2021,Senior Level,Full time,Data Scientist,77684,FR,Hybrid,FR,Medium
2021,Entry Level,Full time,Data Scientist,100000,US,Remote,US,Medium
2021,Entry Level,Full time,Data Scientist,58000,US,Hybrid,US,Large
2021,Senior Level,Full time,other,55000,ES,Remote,ES,Large
2021,Senior Level,Full time,Data Scientist,20171,other,Hybrid,other,Large
2021,Entry Level,Full time,other,59102,other,Remote,other,Large
2021,Mid Level,Full time,Data Engineer,112000,US,Remote,US,Large
2021,Entry Level,Full time,Research Scientist,100000,other,On-site,other,Large
2021,Mid Level,Part time,Data Engineer,69741,other,Remote,other,Large
2021,Senior Level,Contract,other,105000,US,Remote,US,Medium
2021,Mid Level,Full time,Research Scientist,69999,other,Hybrid,other,Large
2021,Senior Level,Full time,Data Science Manager,94665,IN,Hybrid,IN,Large
2021,Senior Level,Full time,other,102839,other,Remote,other,Large
2021,Mid Level,Full time,Data Scientist,109000,US,Hybrid,US,Large
2021,Mid Level,Full time,Machine Learning Engineer,51064,other,Hybrid,other,Large
2022,Senior Level,Full time,Data Engineer,135000,US,Remote,US,Medium
2022,Senior Level,Full time,Data Analyst,155000,US,Remote,US,Medium
2022,Senior Level,Full time,Data Analyst,120600,US,Remote,US,Medium
2022,Mid Level,Full time,Data Scientist,130000,US,On-site,US,Medium
2022,Mid Level,Full time,Data Scientist,90000,US,On-site,US,Medium
2022,Mid Level,Full time,Data Engineer,170000,US,Remote,US,Medium
2022,Mid Level,Full time,Data Engineer,150000,US,Remote,US,Medium
2022,Senior Level,Full time,Data Analyst,102100,US,Remote,US,Medium
2022,Senior Level,Full time,Data Analyst,84900,US,Remote,US,Medium
2022,Senior Level,Full time,Data Scientist,136620,US,Remote,US,Medium
2022,Senior Level,Full time,Data Scientist,99360,US,Remote,US,Medium
2022,Senior Level,Full time,Data Scientist,117789,GB,On-site,GB,Medium
2022,Senior Level,Full time,Data Scientist,104702,GB,On-site,GB,Medium
2022,Senior Level,Full time,Data Scientist,146000,US,Remote,US,Medium
2022,Senior Level,Full time,Data Scientist,123000,US,Remote,US,Medium
2022,Entry Level,Full time,Data Engineer,52351,GB,Remote,GB,Medium
2022,Senior Level,Full time,Data Analyst,99000,US,On-site,US,Medium
2022,Senior Level,Full time,Data Analyst,116000,US,On-site,US,Medium
2022,Mid Level,Full time,Data Analyst,106260,US,On-site,US,Medium
2022,Mid Level,Full time,Data Analyst,126500,US,On-site,US,Medium
2022,Executive Level,Full time,Data Engineer,242000,US,Remote,US,Medium
2022,Executive Level,Full time,Data Engineer,200000,US,Remote,US,Medium
2022,Mid Level,Full time,Data Scientist,65438,GB,On-site,GB,Medium
2022,Mid Level,Full time,Data Scientist,39263,GB,On-site,GB,Medium
2022,Mid Level,Full time,Data Engineer,78526,GB,On-site,GB,Medium
2022,Mid Level,Full time,Data Engineer,52351,GB,On-site,GB,Medium
2022,Senior Level,Full time,Data Scientist,165220,US,Remote,US,Medium
2022,Entry Level,Full time,Data Engineer,45807,GB,Remote,GB,Medium
2022,Senior Level,Full time,Data Scientist,120160,US,Remote,US,Medium
2022,Senior Level,Full time,Data Analyst,90320,US,Remote,US,Medium
2022,Senior Level,Full time,Data Engineer,181940,US,On-site,US,Medium
2022,Senior Level,Full time,Data Engineer,132320,US,On-site,US,Medium
2022,Senior Level,Full time,Data Engineer,220110,US,On-site,US,Medium
2022,Senior Level,Full time,Data Engineer,160080,US,On-site,US,Medium
2022,Senior Level,Full time,Data Scientist,180000,US,On-site,US,Large
2022,Senior Level,Full time,Data Scientist,120000,US,On-site,US,Large
2022,Senior Level,Full time,Data Analyst,124190,US,Remote,US,Medium
2022,Executive Level,Full time,Data Analyst,130000,US,Remote,US,Medium
2022,Executive Level,Full time,Data Analyst,110000,US,Remote,US,Medium
2022,Senior Level,Full time,Data Analyst,170000,US,Remote,US,Medium
2022,Mid Level,Full time,Data Analyst,115500,US,Remote,US,Medium
2022,Senior Level,Full time,Data Analyst,112900,US,Remote,US,Medium
2022,Senior Level,Full time,Data Analyst,90320,US,Remote,US,Medium
2022,Senior Level,Full time,Data Analyst,112900,US,Remote,US,Medium
2022,Senior Level,Full time,Data Analyst,90320,US,Remote,US,Medium
2022,Senior Level,Full time,Data Engineer,165400,US,Remote,US,Medium
2022,Senior Level,Full time,Data Engineer,132320,US,Remote,US,Medium
2022,Mid Level,Full time,Data Analyst,167000,US,Remote,US,Medium
2022,Senior Level,Full time,Data Engineer,243900,US,Remote,US,Medium
2022,Senior Level,Full time,Data Analyst,136600,US,Remote,US,Medium
2022,Senior Level,Full time,Data Analyst,109280,US,Remote,US,Medium
2022,Senior Level,Full time,Data Engineer,128875,US,Remote,US,Medium
2022,Senior Level,Full time,Data Engineer,93700,US,Remote,US,Medium
2022,Executive Level,Full time,other,224000,US,Remote,US,Medium
2022,Executive Level,Full time,other,167875,US,Remote,US,Medium
2022,Executive Level,Full time,other,175000,US,Remote,US,Medium
2022,Senior Level,Full time,Data Engineer,156600,US,Remote,US,Medium
2022,Senior Level,Full time,Data Engineer,108800,US,On-site,US,Medium
2022,Senior Level,Full time,Data Scientist,95550,US,On-site,US,Medium
2022,Senior Level,Full time,Data Engineer,113000,US,On-site,US,Large
2022,Senior Level,Full time,Data Analyst,135000,US,Remote,US,Medium
2022,Senior Level,Full time,Data Science Manager,161342,US,Remote,US,Medium
2022,Senior Level,Full time,Data Science Manager,137141,US,Remote,US,Medium
2022,Senior Level,Full time,Data Scientist,167000,US,Remote,US,Medium
2022,Senior Level,Full time,Data Scientist,123000,US,Remote,US,Medium
2022,Senior Level,Full time,Data Engineer,78526,GB,On-site,GB,Medium
2022,Senior Level,Full time,Data Engineer,65438,GB,On-site,GB,Medium
2022,Senior Level,Full time,Data Scientist,150000,US,On-site,US,Medium
2022,Senior Level,Full time,Data Scientist,211500,US,Remote,US,Medium
2022,Senior Level,Full time,Data Architect,192400,CA,Remote,CA,Medium
2022,Senior Level,Full time,Data Architect,90700,CA,Remote,CA,Medium
2022,Senior Level,Full time,Data Analyst,130000,CA,Remote,CA,Medium
2022,Senior Level,Full time,Data Analyst,61300,CA,Remote,CA,Medium
2022,Senior Level,Full time,Data Analyst,130000,CA,Remote,CA,Medium
2022,Senior Level,Full time,Data Analyst,61300,CA,Remote,CA,Medium
2022,Senior Level,Full time,Data Engineer,160000,US,On-site,US,Large
2022,Senior Level,Full time,Data Scientist,138600,US,Remote,US,Medium
2022,Senior Level,Full time,Data Engineer,136000,US,On-site,US,Medium
2022,Mid Level,Full time,Data Analyst,58000,US,On-site,US,Small
2022,Executive Level,Full time,other,135000,US,Remote,US,Medium
2022,Senior Level,Full time,Data Scientist,170000,US,Remote,US,Medium
2022,Senior Level,Full time,Data Scientist,123000,US,Remote,US,Medium
2022,Senior Level,Full time,Machine Learning Engineer,189650,US,On-site,US,Medium
2022,Senior Level,Full time,Machine Learning Engineer,164996,US,On-site,US,Medium
2022,Mid Level,Full time,other,54957,GR,On-site,GR,Medium
2022,Mid Level,Full time,other,54957,GR,On-site,GR,Medium
2022,Executive Level,Full time,other,118187,CA,Remote,CA,Small
2022,Senior Level,Full time,Data Analyst,132000,US,On-site,US,Medium
2022,Senior Level,Full time,Data Engineer,165400,US,Remote,US,Medium
2022,Senior Level,Full time,Data Architect,208775,US,Remote,US,Medium
2022,Senior Level,Full time,Data Architect,147800,US,Remote,US,Medium
2022,Senior Level,Full time,Data Engineer,136994,US,Remote,US,Medium
2022,Senior Level,Full time,Data Engineer,101570,US,Remote,US,Medium
2022,Senior Level,Full time,Data Analyst,128875,US,Remote,US,Medium
2022,Senior Level,Full time,Data Analyst,93700,US,Remote,US,Medium
2022,Executive Level,Full time,other,79039,IN,Hybrid,IN,Large
2022,Senior Level,Full time,Data Engineer,132320,US,Remote,US,Medium
2022,Entry Level,Full time,Machine Learning Engineer,37300,GB,Remote,GB,Large
2022,Senior Level,Full time,Data Analyst,164000,US,On-site,US,Medium
2022,Senior Level,Full time,Data Engineer,155000,US,Remote,US,Medium
2022,Mid Level,Full time,Machine Learning Engineer,124333,GB,On-site,GB,Medium
2022,Mid Level,Full time,Machine Learning Engineer,98158,GB,On-site,GB,Medium
2022,Mid Level,Full time,other,120000,US,On-site,US,Medium
2022,Senior Level,Full time,Data Analyst,112900,US,Remote,US,Medium
2022,Senior Level,Full time,Data Analyst,90320,US,Remote,US,Medium
2022,Senior Level,Full time,other,145000,US,Remote,US,Medium
2022,Senior Level,Full time,other,105400,US,Remote,US,Medium
2022,Mid Level,Full time,Machine Learning Engineer,87932,FR,Remote,DE,Medium
2022,Mid Level,Full time,Data Engineer,117789,GB,On-site,GB,Medium
2022,Senior Level,Full time,Data Scientist,215300,US,Remote,US,Large
2022,Senior Level,Full time,Data Scientist,158200,US,Remote,US,Large
2022,Senior Level,Full time,Data Engineer,209100,US,Remote,US,Large
2022,Senior Level,Full time,Data Engineer,154600,US,Remote,US,Large
2022,Senior Level,Full time,Data Analyst,115934,US,On-site,US,Medium
2022,Senior Level,Full time,Data Analyst,81666,US,On-site,US,Medium
2022,Senior Level,Full time,Data Engineer,175000,US,Remote,US,Medium
2022,Mid Level,Full time,Data Engineer,98158,GB,On-site,GB,Medium
2022,Mid Level,Full time,Data Analyst,58000,US,On-site,US,Small
2022,Senior Level,Full time,Data Engineer,183600,US,Remote,US,Large
2022,Mid Level,Full time,Data Analyst,52351,GB,Remote,GB,Medium
2022,Senior Level,Full time,Data Scientist,180000,US,Remote,US,Medium
2022,Mid Level,Full time,Data Scientist,71982,GB,On-site,GB,Medium
2022,Mid Level,Full time,Data Scientist,45807,GB,On-site,GB,Medium
2022,Mid Level,Full time,Data Engineer,65949,GR,Remote,GR,Medium
2022,Mid Level,Full time,Data Engineer,49461,GR,Remote,GR,Medium
2022,Mid Level,Full time,Data Engineer,78526,GB,Remote,GB,Medium
2022,Mid Level,Full time,Data Engineer,58894,GB,Remote,GB,Medium
2022,Senior Level,Full time,Data Scientist,260000,US,Remote,US,Medium
2022,Senior Level,Full time,other,60000,other,Remote,other,Large
2022,Mid Level,Full time,Data Engineer,63900,US,On-site,US,Medium
2022,Mid Level,Full time,Machine Learning Scientist,160000,US,Remote,US,Large
2022,Mid Level,Full time,Machine Learning Scientist,112300,US,Remote,US,Large
2022,Mid Level,Full time,Data Science Manager,241000,US,Remote,US,Medium
2022,Mid Level,Full time,Data Science Manager,159000,US,Remote,US,Medium
2022,Senior Level,Full time,Data Scientist,180000,US,On-site,US,Medium
2022,Senior Level,Full time,Data Scientist,80000,US,On-site,US,Medium
2022,Mid Level,Full time,Data Engineer,82900,US,On-site,US,Medium
2022,Senior Level,Full time,Data Engineer,100800,US,Remote,US,Large
2022,Mid Level,Full time,Data Engineer,49461,ES,Remote,ES,Medium
2022,Senior Level,Full time,Data Scientist,140400,US,On-site,US,Large
2022,Mid Level,Full time,Data Analyst,39263,GB,Remote,GB,Medium
2022,Mid Level,Full time,Data Analyst,43966,ES,Remote,ES,Medium
2022,Mid Level,Full time,Data Analyst,32974,ES,Remote,ES,Medium
2022,Mid Level,Full time,Data Engineer,87932,ES,Remote,ES,Medium
2022,Mid Level,Full time,Data Engineer,76940,ES,Remote,ES,Medium
2022,Mid Level,Full time,Data Engineer,104702,GB,Remote,GB,Medium
2022,Mid Level,Full time,Data Engineer,91614,GB,Remote,GB,Medium
2022,Mid Level,Full time,Data Engineer,65949,ES,Remote,ES,Medium
2022,Mid Level,Full time,Data Engineer,87932,GR,Remote,GR,Medium
2022,Senior Level,Full time,Machine Learning Engineer,189650,US,On-site,US,Medium
2022,Senior Level,Full time,Machine Learning Engineer,164996,US,On-site,US,Medium
2022,Mid Level,Full time,Data Analyst,43966,GR,Remote,GR,Medium
2022,Mid Level,Full time,Data Analyst,32974,GR,Remote,GR,Medium
2022,Mid Level,Full time,Data Engineer,98158,GB,Remote,GB,Medium
2022,Mid Level,Full time,Data Engineer,78526,GB,Remote,GB,Medium
2022,Senior Level,Full time,Data Scientist,215300,US,On-site,US,Large
2022,Mid Level,Full time,Data Engineer,76940,GR,Remote,GR,Medium
2022,Senior Level,Full time,Data Engineer,209100,US,Remote,US,Large
2022,Senior Level,Full time,Data Engineer,154600,US,Remote,US,Large
2022,Senior Level,Full time,Data Engineer,180000,US,Remote,US,Medium
2022,Entry Level,Full time,other,21983,PT,Remote,other,Large
2022,Senior Level,Full time,Data Engineer,80000,US,Remote,US,Medium
2022,Mid Level,Full time,other,78791,CA,Remote,CA,Medium
2022,Executive Level,Full time,other,196979,CA,Hybrid,CA,Large
2022,Mid Level,Full time,Machine Learning Engineer,120000,US,Remote,US,Small
2022,Entry Level,Full time,other,125000,US,On-site,US,Medium
2022,Mid Level,Full time,other,37236,US,Hybrid,US,Large
2022,Senior Level,Full time,Data Engineer,105000,US,Remote,US,Medium
2022,Senior Level,Full time,other,87932,DE,On-site,DE,Medium
2022,Mid Level,Full time,other,18442,IN,Remote,IN,Medium
2022,Mid Level,Full time,Data Scientist,31615,IN,Remote,IN,Large
2022,Mid Level,Full time,other,58255,PT,Hybrid,other,Large
2022,Entry Level,Full time,other,100000,US,Hybrid,US,Large
2022,Mid Level,Part time,Data Engineer,54957,DE,Hybrid,DE,Large
2022,Entry Level,Full time,Data Scientist,18442,IN,Remote,IN,Medium
2022,Senior Level,Full time,other,162674,DE,Remote,DE,Medium
2022,Entry Level,Full time,Data Engineer,120000,US,Remote,US,Medium
2022,Senior Level,Full time,Research Scientist,144000,US,Hybrid,US,Large
2022,Senior Level,Full time,Data Scientist,104890,US,Remote,US,Medium
2022,Senior Level,Full time,Data Engineer,100000,US,Remote,US,Medium
2022,Senior Level,Full time,Data Scientist,140000,US,Remote,US,Medium
2022,Mid Level,Full time,Data Analyst,135000,US,Remote,US,Medium
2022,Mid Level,Full time,Data Analyst,50000,US,Remote,US,Medium
2022,Senior Level,Full time,Data Scientist,220000,US,Remote,US,Medium
2022,Senior Level,Full time,Data Scientist,140000,US,Remote,US,Medium
2022,Mid Level,Full time,Data Scientist,183228,GB,On-site,GB,Medium
2022,Mid Level,Full time,Data Scientist,91614,GB,On-site,GB,Medium
2022,Senior Level,Full time,Data Scientist,185100,US,Remote,US,Medium
2022,Senior Level,Full time,Machine Learning Engineer,220000,US,Remote,US,Medium
2022,Mid Level,Full time,Data Scientist,200000,US,Remote,US,Medium
2022,Mid Level,Full time,Data Scientist,120000,US,Remote,US,Medium
2022,Senior Level,Full time,Machine Learning Engineer,120000,other,Remote,other,Small
2022,Senior Level,Full time,Machine Learning Engineer,65000,other,Remote,other,Small
2022,Executive Level,Full time,Data Engineer,324000,US,Remote,US,Medium
2022,Executive Level,Full time,Data Engineer,216000,US,Remote,US,Medium
2022,Senior Level,Full time,Data Engineer,210000,US,Remote,US,Medium
2022,Senior Level,Full time,Machine Learning Engineer,120000,US,Remote,US,Medium
2022,Senior Level,Full time,Data Scientist,230000,US,Remote,US,Medium
2022,Entry Level,Part time,Data Scientist,100000,other,Hybrid,other,Medium
2022,Mid Level,Freelance,Data Scientist,100000,CA,Remote,US,Medium
2022,Entry Level,Contract,other,31875,other,Remote,other,Medium
2022,Senior Level,Full time,other,200000,other,Remote,US,Medium
2022,Mid Level,Full time,other,75000,CA,Remote,CA,Small
2022,Mid Level,Full time,Data Scientist,35590,other,Remote,other,Large
2022,Senior Level,Full time,other,78791,CA,Remote,CA,Medium
2022,Senior Level,Full time,Data Scientist,100000,BR,Remote,US,Medium
2022,Mid Level,Full time,Machine Learning Scientist,153000,US,Hybrid,US,Medium
2022,Entry Level,Full time,Data Engineer,58035,PK,Remote,DE,Medium
2022,Senior Level,Full time,Data Scientist,165000,US,Remote,US,Medium
2022,Senior Level,Full time,Research Scientist,93427,FR,Hybrid,FR,Large
2022,Entry Level,Full time,Data Scientist,52396,CA,Remote,CA,Large
2022,Senior Level,Full time,Machine Learning Engineer,62651,other,Remote,other,Large
2022,Mid Level,Full time,other,32974,other,Remote,other,Small
2022,Entry Level,Full time,Data Scientist,40000,JP,Remote,other,Large
2022,Mid Level,Full time,Machine Learning Engineer,87425,other,Remote,other,Large
2022,Senior Level,Full time,Data Engineer,115000,US,Remote,US,Medium
2022,Entry Level,Full time,Data Scientist,86703,other,Hybrid,other,Medium
2022,Mid Level,Full time,other,75000,other,Remote,US,Large
2022,Mid Level,Full time,Research Scientist,64849,other,On-site,other,Large
2022,Entry Level,Full time,Research Scientist,120000,US,Remote,US,Large
2022,Mid Level,Full time,other,157000,US,Remote,US,Large
2022,Entry Level,Full time,other,150000,other,Remote,other,Small
2022,Mid Level,Full time,other,70912,CA,Hybrid,CA,Large
2022,Entry Level,Full time,Data Engineer,65000,US,Remote,US,Small
2022,Senior Level,Full time,Machine Learning Engineer,71444,other,Remote,other,Small
2022,Entry Level,Full time,other,20000,PK,On-site,other,Medium
2022,Mid Level,Full time,Data Scientist,48000,other,Remote,US,Small
2022,Senior Level,Full time,Data Science Manager,152500,US,Remote,US,Medium
2022,Mid Level,Full time,Data Engineer,68147,FR,Remote,FR,Medium
2022,Mid Level,Full time,Data Scientist,122346,other,On-site,other,Large
2022,Senior Level,Full time,other,380000,US,Remote,US,Large
2022,Mid Level,Full time,Data Scientist,69336,CA,Remote,CA,Medium
2022,Entry Level,Full time,other,10000,PT,Remote,other,Medium
2022,Mid Level,Full time,Data Analyst,20000,GR,Remote,GR,Small
2022,Senior Level,Full time,other,405000,US,Remote,US,Large
2022,Mid Level,Full time,Data Scientist,135000,US,Remote,US,Large
2022,Senior Level,Full time,other,177000,US,Remote,US,Large
2022,Mid Level,Full time,Data Scientist,78000,US,Remote,US,Medium
2022,Senior Level,Full time,Data Analyst,135000,US,Remote,US,Medium
2022,Senior Level,Full time,Data Analyst,100000,US,Remote,US,Medium
2022,Senior Level,Full time,Data Analyst,90320,US,Remote,US,Medium
2022,Mid Level,Full time,Data Analyst,85000,CA,On-site,CA,Medium
2022,Mid Level,Full time,Data Analyst,75000,CA,On-site,CA,Medium
2022,Senior Level,Full time,Machine Learning Engineer,214000,US,Remote,US,Medium
2022,Senior Level,Full time,Machine Learning Engineer,192600,US,Remote,US,Medium
2022,Senior Level,Full time,Data Architect,266400,US,Remote,US,Medium
2022,Senior Level,Full time,Data Architect,213120,US,Remote,US,Medium
2022,Senior Level,Full time,Data Analyst,112900,US,Remote,US,Medium
2022,Senior Level,Full time,Data Engineer,155000,US,Remote,US,Medium
2022,Mid Level,Full time,Data Scientist,141300,US,On-site,US,Medium
2022,Mid Level,Full time,Data Scientist,102100,US,On-site,US,Medium
2022,Senior Level,Full time,Data Analyst,115934,US,Remote,US,Medium
2022,Senior Level,Full time,Data Analyst,81666,US,Remote,US,Medium
2022,Mid Level,Full time,Data Engineer,206699,US,On-site,US,Medium
2022,Mid Level,Full time,Data Engineer,99100,US,On-site,US,Medium
2022,Senior Level,Full time,Data Engineer,130000,US,Remote,US,Medium
2022,Senior Level,Full time,Data Engineer,115000,US,Remote,US,Medium
2022,Senior Level,Full time,Data Engineer,110500,US,Remote,US,Medium
2022,Senior Level,Full time,Data Engineer,130000,US,Remote,US,Medium
2022,Senior Level,Full time,Data Analyst,99050,US,Remote,US,Medium
2022,Senior Level,Full time,Data Engineer,160000,US,Remote,US,Medium
2022,Senior Level,Full time,Data Scientist,205300,US,On-site,US,Large
2022,Senior Level,Full time,Data Scientist,140400,US,On-site,US,Large
2022,Senior Level,Full time,Data Scientist,176000,US,Remote,US,Medium
2022,Senior Level,Full time,Data Scientist,144000,US,Remote,US,Medium
2022,Senior Level,Full time,Data Engineer,200100,US,Remote,US,Medium
2022,Senior Level,Full time,Data Engineer,160000,US,Remote,US,Medium
2022,Senior Level,Full time,Data Engineer,145000,US,Remote,US,Medium
2022,Senior Level,Full time,Data Engineer,70500,US,On-site,US,Medium
2022,Senior Level,Full time,Data Scientist,205300,US,On-site,US,Medium
2022,Senior Level,Full time,Data Scientist,140400,US,On-site,US,Medium
2022,Senior Level,Full time,other,205300,US,On-site,US,Medium
2022,Senior Level,Full time,other,184700,US,On-site,US,Medium
2022,Senior Level,Full time,Data Engineer,175100,US,Remote,US,Medium
2022,Senior Level,Full time,Data Engineer,140250,US,Remote,US,Medium
2022,Senior Level,Full time,Data Analyst,116150,US,Remote,US,Medium
2022,Senior Level,Full time,Data Engineer,54000,US,On-site,US,Medium
2022,Senior Level,Full time,Data Analyst,170000,US,Remote,US,Medium
2022,Mid Level,Full time,Data Analyst,65438,GB,On-site,GB,Medium
2022,Senior Level,Full time,Data Analyst,80000,US,Remote,US,Medium
2022,Senior Level,Full time,Data Scientist,140000,US,Remote,US,Medium
2022,Senior Level,Full time,Data Scientist,210000,US,Remote,US,Medium
2022,Senior Level,Full time,Data Scientist,140000,US,Remote,US,Medium
2022,Senior Level,Full time,Data Analyst,100000,US,Remote,US,Medium
2022,Senior Level,Full time,Data Analyst,69000,US,Remote,US,Medium
2022,Senior Level,Full time,Data Scientist,210000,US,Remote,US,Medium
2022,Senior Level,Full time,Data Scientist,140000,US,Remote,US,Medium
2022,Senior Level,Full time,Data Scientist,210000,US,Remote,US,Medium
2022,Senior Level,Full time,Data Analyst,150075,US,Remote,US,Medium
2022,Senior Level,Full time,Data Engineer,100000,US,Remote,US,Medium
2022,Senior Level,Full time,Data Engineer,25000,US,Remote,US,Medium
2022,Senior Level,Full time,Data Analyst,126500,US,Remote,US,Medium
2022,Senior Level,Full time,Data Analyst,106260,US,Remote,US,Medium
2022,Senior Level,Full time,Data Engineer,220110,US,Remote,US,Medium
2022,Senior Level,Full time,Data Engineer,160080,US,Remote,US,Medium
2022,Senior Level,Full time,Data Analyst,105000,US,Remote,US,Medium
2022,Senior Level,Full time,Data Analyst,110925,US,Remote,US,Medium
2022,Mid Level,Full time,Data Analyst,45807,GB,On-site,GB,Medium
2022,Senior Level,Full time,Data Scientist,140000,US,Remote,US,Medium
2022,Senior Level,Full time,Data Analyst,99000,US,On-site,US,Medium
2022,Senior Level,Full time,Data Analyst,60000,US,Remote,US,Medium
2022,Senior Level,Full time,Data Architect,192564,US,Remote,US,Medium
2022,Senior Level,Full time,Data Architect,144854,US,Remote,US,Medium
2022,Senior Level,Full time,Data Scientist,230000,US,Remote,US,Medium
2022,Senior Level,Full time,Data Scientist,150000,US,Remote,US,Medium
2022,Senior Level,Full time,other,150260,US,Remote,US,Medium
2022,Senior Level,Full time,other,109280,US,Remote,US,Medium
2022,Senior Level,Full time,Data Scientist,210000,US,Remote,US,Medium
2022,Senior Level,Full time,Data Analyst,170000,US,Remote,US,Medium
2022,Mid Level,Full time,Data Scientist,160000,US,Remote,US,Medium
2022,Mid Level,Full time,Data Scientist,130000,US,Remote,US,Medium
2022,Entry Level,Full time,Data Analyst,67000,CA,On-site,CA,Medium
2022,Entry Level,Full time,Data Analyst,52000,CA,On-site,CA,Medium
2022,Senior Level,Full time,Data Engineer,154000,US,Remote,US,Medium
2022,Senior Level,Full time,Data Engineer,126000,US,Remote,US,Medium
2022,Senior Level,Full time,Data Analyst,129000,US,On-site,US,Medium
2022,Senior Level,Full time,Data Analyst,150000,US,Remote,US,Medium
2022,Mid Level,Full time,other,200000,IN,Remote,US,Large
